-- Базовые seed-данные для локальной/первой разработки:
-- - 1 household
-- - 1 profile
-- - ingredients
-- - meal templates
-- - 7-day plan template
-- - 7 published days
-- - initial stock
-- - stock reset movements

PRAGMA defer_foreign_keys = on;

-- =========================================================
-- 1. HOUSEHOLD / PROFILE
-- =========================================================

INSERT INTO households (id, name, timezone)
VALUES
  (1, 'Default household', 'Europe/Istanbul');

INSERT INTO profiles (id, household_id, name, is_active)
VALUES
  (1, 1, 'Default profile', 1);

-- =========================================================
-- 2. INGREDIENTS
-- =========================================================

INSERT INTO ingredients (id, ingredient_key, name, base_unit, is_active)
VALUES
  (1,  'куриная грудка',   'Куриная грудка',   'g',    1),
  (2,  'макрель',          'Макрель',          'g',    1),
  (3,  'яйца',             'Яйца',             'pcs',  1),
  (4,  'тунец',            'Тунец',            'cans', 1),
  (5,  'чечевица',         'Чечевица',         'g',    1),
  (6,  'греческий йогурт', 'Греческий йогурт', 'g',    1),
  (7,  'творог',           'Творог',           'g',    1),
  (8,  'овсянка',          'Овсянка',          'g',    1),
  (9,  'бурый рис',        'Бурый рис',        'g',    1),
  (10, 'картофель',        'Картофель',        'g',    1),
  (11, 'бананы',           'Бананы',           'pcs',  1),
  (12, 'яблоки',           'Яблоки',           'pcs',  1),
  (13, 'ягоды',            'Ягоды',            'g',    1),
  (14, 'брокколи',         'Брокколи',         'g',    1),
  (15, 'морковь',          'Морковь',          'g',    1),
  (16, 'кабачки',          'Кабачки',          'g',    1),
  (17, 'зелень',           'Зелень',           'g',    1),
  (18, 'семена льна',      'Семена льна',      'g',    1),
  (19, 'орехи',            'Орехи',            'g',    1),
  (20, 'оливковое масло',  'Оливковое масло',  'ml',   1);

INSERT INTO ingredient_aliases (id, ingredient_id, alias)
VALUES
  (1, 1,  'chicken breast'),
  (2, 2,  'mackerel'),
  (3, 3,  'eggs'),
  (4, 4,  'tuna'),
  (5, 5,  'lentils'),
  (6, 6,  'greek yogurt'),
  (7, 7,  'cottage cheese'),
  (8, 8,  'oats'),
  (9, 9,  'brown rice'),
  (10, 10, 'potato'),
  (11, 11, 'banana'),
  (12, 12, 'apple'),
  (13, 13, 'berries'),
  (14, 14, 'broccoli'),
  (15, 15, 'carrot'),
  (16, 16, 'zucchini'),
  (17, 17, 'greens'),
  (18, 18, 'flax seeds'),
  (19, 19, 'nuts'),
  (20, 20, 'olive oil');

-- =========================================================
-- 3. MEAL TEMPLATES
-- =========================================================

INSERT INTO meal_templates (id, title, meal_type, description, is_active)
VALUES
  (1, 'Завтрак — боул с йогуртом, овсянкой и яйцами', 'breakfast', 'Базовый завтрак без рецептов для MVP.', 1),
  (2, 'Обед A — курица, рис и овощи',                'lunch',     'Курица с рисом и овощами.',             1),
  (3, 'Обед B — макрель, рис и чечевица',            'lunch',     'Макрель с рисом и чечевицей.',           1),
  (4, 'Обед B — тунец, рис и чечевица',              'lunch',     'Тунец с рисом и чечевицей.',             1),
  (5, 'Ужин A — тёплый чечевичный скрэмбл',          'dinner',    'Чечевица, яйца, кабачки и зелень.',      1),
  (6, 'Ужин B — курица с картофелем и овощами',      'dinner',    'Курица, картофель, брокколи, кабачки.',  1),
  (7, 'Снек — творог и яблоко',                      'snack',     'Творог и яблоко.',                        1),
  (8, 'Снек — йогурт и ягоды',                       'snack',     'Йогурт и ягоды.',                         1),
  (9, 'Снек — творог и орехи',                       'snack',     'Творог и орехи.',                         1);

INSERT INTO meal_template_items (id, meal_template_id, ingredient_id, amount, unit, sort_order, is_optional)
VALUES
  -- meal 1 breakfast
  (1,  1,  8,  70,  'g',    1, 0),
  (2,  1,  3,   2,  'pcs',  2, 0),
  (3,  1, 11,   1,  'pcs',  3, 0),
  (4,  1,  6, 200,  'g',    4, 0),
  (5,  1, 18,  10,  'g',    5, 0),

  -- meal 2 lunch A
  (6,  2,  1, 150,  'g',    1, 0),
  (7,  2,  9, 100,  'g',    2, 0),
  (8,  2, 14, 150,  'g',    3, 0),
  (9,  2, 15, 100,  'g',    4, 0),
  (10, 2, 16, 200,  'g',    5, 0),
  (11, 2, 20,  10,  'ml',   6, 0),

  -- meal 3 lunch B mackerel
  (12, 3,  2, 200,  'g',    1, 0),
  (13, 3,  9,  70,  'g',    2, 0),
  (14, 3,  5, 100,  'g',    3, 0),
  (15, 3, 16, 200,  'g',    4, 0),
  (16, 3, 14,  50,  'g',    5, 0),
  (17, 3, 20,   5,  'ml',   6, 0),

  -- meal 4 lunch B tuna
  (18, 4,  4,   1,  'cans', 1, 0),
  (19, 4,  9,  70,  'g',    2, 0),
  (20, 4,  5, 100,  'g',    3, 0),
  (21, 4, 14, 150,  'g',    4, 0),
  (22, 4, 15, 100,  'g',    5, 0),
  (23, 4, 16, 200,  'g',    6, 0),
  (24, 4, 20,  10,  'ml',   7, 0),

  -- meal 5 dinner A
  (25, 5,  5, 250,  'g',    1, 0),
  (26, 5,  3,   3,  'pcs',  2, 0),
  (27, 5, 16, 150,  'g',    3, 0),
  (28, 5, 17,  50,  'g',    4, 0),
  (29, 5, 20,  10,  'ml',   5, 0),

  -- meal 6 dinner B
  (30, 6,  1, 180,  'g',    1, 0),
  (31, 6, 10, 300,  'g',    2, 0),
  (32, 6, 16, 200,  'g',    3, 0),
  (33, 6, 14, 100,  'g',    4, 0),
  (34, 6, 20,  10,  'ml',   5, 0),

  -- meal 7 snack apple
  (35, 7,  7, 150,  'g',    1, 0),
  (36, 7, 12,   1,  'pcs',  2, 0),

  -- meal 8 snack berries
  (37, 8,  6, 200,  'g',    1, 0),
  (38, 8, 13, 150,  'g',    2, 0),

  -- meal 9 snack nuts
  (39, 9,  7, 150,  'g',    1, 0),
  (40, 9, 19,  20,  'g',    2, 0);

-- =========================================================
-- 4. PLAN TEMPLATE (7 days)
-- =========================================================

INSERT INTO plan_templates (id, household_id, name, goal, cycle_days, status, notes)
VALUES
  (1, 1, 'Базовый план 7 дней', 'maintenance', 7, 'active', 'Первая версия seed-плана для MVP.');

INSERT INTO plan_template_days (id, plan_template_id, day_index, label)
VALUES
  (1, 1, 1, 'День 1'),
  (2, 1, 2, 'День 2'),
  (3, 1, 3, 'День 3'),
  (4, 1, 4, 'День 4'),
  (5, 1, 5, 'День 5'),
  (6, 1, 6, 'День 6'),
  (7, 1, 7, 'День 7');

INSERT INTO plan_template_day_meals (id, plan_template_day_id, meal_type, meal_template_id, sort_order)
VALUES
  -- Day 1
  (1,  1, 'breakfast', 1, 1),
  (2,  1, 'lunch',     2, 1),
  (3,  1, 'dinner',    5, 1),
  (4,  1, 'snack',     7, 1),

  -- Day 2
  (5,  2, 'breakfast', 1, 1),
  (6,  2, 'lunch',     3, 1),
  (7,  2, 'dinner',    6, 1),
  (8,  2, 'snack',     8, 1),

  -- Day 3
  (9,  3, 'breakfast', 1, 1),
  (10, 3, 'lunch',     2, 1),
  (11, 3, 'dinner',    5, 1),
  (12, 3, 'snack',     9, 1),

  -- Day 4
  (13, 4, 'breakfast', 1, 1),
  (14, 4, 'lunch',     4, 1),
  (15, 4, 'dinner',    6, 1),
  (16, 4, 'snack',     7, 1),

  -- Day 5
  (17, 5, 'breakfast', 1, 1),
  (18, 5, 'lunch',     2, 1),
  (19, 5, 'dinner',    5, 1),
  (20, 5, 'snack',     8, 1),

  -- Day 6
  (21, 6, 'breakfast', 1, 1),
  (22, 6, 'lunch',     3, 1),
  (23, 6, 'dinner',    6, 1),
  (24, 6, 'snack',     9, 1),

  -- Day 7
  (25, 7, 'breakfast', 1, 1),
  (26, 7, 'lunch',     4, 1),
  (27, 7, 'dinner',    5, 1),
  (28, 7, 'snack',     7, 1);

-- =========================================================
-- 5. PUBLISHED DAYS
-- Неделя: 2026-03-16 .. 2026-03-22
-- =========================================================

INSERT INTO published_days (id, household_id, profile_id, date, plan_template_id, source_day_index, status)
VALUES
  (1, 1, 1, '2026-03-16', 1, 1, 'published'),
  (2, 1, 1, '2026-03-17', 1, 2, 'published'),
  (3, 1, 1, '2026-03-18', 1, 3, 'published'),
  (4, 1, 1, '2026-03-19', 1, 4, 'published'),
  (5, 1, 1, '2026-03-20', 1, 5, 'published'),
  (6, 1, 1, '2026-03-21', 1, 6, 'published'),
  (7, 1, 1, '2026-03-22', 1, 7, 'published');

INSERT INTO published_day_meals (id, published_day_id, meal_type, meal_template_id, title_snapshot, sort_order)
VALUES
  -- 2026-03-16
  (1,  1, 'breakfast', 1, 'Завтрак — боул с йогуртом, овсянкой и яйцами', 1),
  (2,  1, 'lunch',     2, 'Обед A — курица, рис и овощи',                1),
  (3,  1, 'dinner',    5, 'Ужин A — тёплый чечевичный скрэмбл',          1),
  (4,  1, 'snack',     7, 'Снек — творог и яблоко',                      1),

  -- 2026-03-17
  (5,  2, 'breakfast', 1, 'Завтрак — боул с йогуртом, овсянкой и яйцами', 1),
  (6,  2, 'lunch',     3, 'Обед B — макрель, рис и чечевица',             1),
  (7,  2, 'dinner',    6, 'Ужин B — курица с картофелем и овощами',       1),
  (8,  2, 'snack',     8, 'Снек — йогурт и ягоды',                        1),

  -- 2026-03-18
  (9,  3, 'breakfast', 1, 'Завтрак — боул с йогуртом, овсянкой и яйцами', 1),
  (10, 3, 'lunch',     2, 'Обед A — курица, рис и овощи',                 1),
  (11, 3, 'dinner',    5, 'Ужин A — тёплый чечевичный скрэмбл',           1),
  (12, 3, 'snack',     9, 'Снек — творог и орехи',                        1),

  -- 2026-03-19
  (13, 4, 'breakfast', 1, 'Завтрак — боул с йогуртом, овсянкой и яйцами', 1),
  (14, 4, 'lunch',     4, 'Обед B — тунец, рис и чечевица',               1),
  (15, 4, 'dinner',    6, 'Ужин B — курица с картофелем и овощами',       1),
  (16, 4, 'snack',     7, 'Снек — творог и яблоко',                       1),

  -- 2026-03-20
  (17, 5, 'breakfast', 1, 'Завтрак — боул с йогуртом, овсянкой и яйцами', 1),
  (18, 5, 'lunch',     2, 'Обед A — курица, рис и овощи',                 1),
  (19, 5, 'dinner',    5, 'Ужин A — тёплый чечевичный скрэмбл',           1),
  (20, 5, 'snack',     8, 'Снек — йогурт и ягоды',                        1),

  -- 2026-03-21
  (21, 6, 'breakfast', 1, 'Завтрак — боул с йогуртом, овсянкой и яйцами', 1),
  (22, 6, 'lunch',     3, 'Обед B — макрель, рис и чечевица',             1),
  (23, 6, 'dinner',    6, 'Ужин B — курица с картофелем и овощами',       1),
  (24, 6, 'snack',     9, 'Снек — творог и орехи',                        1),

  -- 2026-03-22
  (25, 7, 'breakfast', 1, 'Завтрак — боул с йогуртом, овсянкой и яйцами', 1),
  (26, 7, 'lunch',     4, 'Обед B — тунец, рис и чечевица',               1),
  (27, 7, 'dinner',    5, 'Ужин A — тёплый чечевичный скрэмбл',           1),
  (28, 7, 'snack',     7, 'Снек — творог и яблоко',                       1);

INSERT INTO published_day_meal_items (id, published_day_meal_id, ingredient_id, ingredient_name_snapshot, ingredient_key_snapshot, amount, unit, sort_order)
VALUES
  -- meal 1
  (1,   1,  8, 'Овсянка',          'овсянка',          70,  'g',    1),
  (2,   1,  3, 'Яйца',             'яйца',              2,  'pcs',  2),
  (3,   1, 11, 'Бананы',           'бананы',            1,  'pcs',  3),
  (4,   1,  6, 'Греческий йогурт', 'греческий йогурт', 200, 'g',    4),
  (5,   1, 18, 'Семена льна',      'семена льна',      10,  'g',    5),

  -- meal 2
  (6,   2,  1, 'Куриная грудка',   'куриная грудка',   150, 'g',    1),
  (7,   2,  9, 'Бурый рис',        'бурый рис',        100, 'g',    2),
  (8,   2, 14, 'Брокколи',         'брокколи',         150, 'g',    3),
  (9,   2, 15, 'Морковь',          'морковь',          100, 'g',    4),
  (10,  2, 16, 'Кабачки',          'кабачки',          200, 'g',    5),
  (11,  2, 20, 'Оливковое масло',  'оливковое масло',   10, 'ml',   6),

  -- meal 3
  (12,  3,  5, 'Чечевица',         'чечевица',         250, 'g',    1),
  (13,  3,  3, 'Яйца',             'яйца',               3, 'pcs',  2),
  (14,  3, 16, 'Кабачки',          'кабачки',          150, 'g',    3),
  (15,  3, 17, 'Зелень',           'зелень',            50, 'g',    4),
  (16,  3, 20, 'Оливковое масло',  'оливковое масло',   10, 'ml',   5),

  -- meal 4
  (17,  4,  7, 'Творог',           'творог',           150, 'g',    1),
  (18,  4, 12, 'Яблоки',           'яблоки',             1, 'pcs',  2),

  -- meal 5
  (19,  5,  8, 'Овсянка',          'овсянка',           70, 'g',    1),
  (20,  5,  3, 'Яйца',             'яйца',               2, 'pcs',  2),
  (21,  5, 11, 'Бананы',           'бананы',             1, 'pcs',  3),
  (22,  5,  6, 'Греческий йогурт', 'греческий йогурт', 200, 'g',    4),
  (23,  5, 18, 'Семена льна',      'семена льна',       10, 'g',    5),

  -- meal 6
  (24,  6,  2, 'Макрель',          'макрель',          200, 'g',    1),
  (25,  6,  9, 'Бурый рис',        'бурый рис',         70, 'g',    2),
  (26,  6,  5, 'Чечевица',         'чечевица',         100, 'g',    3),
  (27,  6, 16, 'Кабачки',          'кабачки',          200, 'g',    4),
  (28,  6, 14, 'Брокколи',         'брокколи',          50, 'g',    5),
  (29,  6, 20, 'Оливковое масло',  'оливковое масло',    5, 'ml',   6),

  -- meal 7
  (30,  7,  1, 'Куриная грудка',   'куриная грудка',   180, 'g',    1),
  (31,  7, 10, 'Картофель',        'картофель',        300, 'g',    2),
  (32,  7, 16, 'Кабачки',          'кабачки',          200, 'g',    3),
  (33,  7, 14, 'Брокколи',         'брокколи',         100, 'g',    4),
  (34,  7, 20, 'Оливковое масло',  'оливковое масло',   10, 'ml',   5),

  -- meal 8
  (35,  8,  6, 'Греческий йогурт', 'греческий йогурт', 200, 'g',    1),
  (36,  8, 13, 'Ягоды',            'ягоды',            150, 'g',    2),

  -- meal 9
  (37,  9,  8, 'Овсянка',          'овсянка',           70, 'g',    1),
  (38,  9,  3, 'Яйца',             'яйца',               2, 'pcs',  2),
  (39,  9, 11, 'Бананы',           'бананы',             1, 'pcs',  3),
  (40,  9,  6, 'Греческий йогурт', 'греческий йогурт', 200, 'g',    4),
  (41,  9, 18, 'Семена льна',      'семена льна',       10, 'g',    5),

  -- meal 10
  (42, 10,  1, 'Куриная грудка',   'куриная грудка',   150, 'g',    1),
  (43, 10,  9, 'Бурый рис',        'бурый рис',        100, 'g',    2),
  (44, 10, 14, 'Брокколи',         'брокколи',         150, 'g',    3),
  (45, 10, 15, 'Морковь',          'морковь',          100, 'g',    4),
  (46, 10, 16, 'Кабачки',          'кабачки',          200, 'g',    5),
  (47, 10, 20, 'Оливковое масло',  'оливковое масло',   10, 'ml',   6),

  -- meal 11
  (48, 11,  5, 'Чечевица',         'чечевица',         250, 'g',    1),
  (49, 11,  3, 'Яйца',             'яйца',               3, 'pcs',  2),
  (50, 11, 16, 'Кабачки',          'кабачки',          150, 'g',    3),
  (51, 11, 17, 'Зелень',           'зелень',            50, 'g',    4),
  (52, 11, 20, 'Оливковое масло',  'оливковое масло',   10, 'ml',   5),

  -- meal 12
  (53, 12,  7, 'Творог',           'творог',           150, 'g',    1),
  (54, 12, 19, 'Орехи',            'орехи',             20, 'g',    2),

  -- meal 13
  (55, 13,  8, 'Овсянка',          'овсянка',           70, 'g',    1),
  (56, 13,  3, 'Яйца',             'яйца',               2, 'pcs',  2),
  (57, 13, 11, 'Бананы',           'бананы',             1, 'pcs',  3),
  (58, 13,  6, 'Греческий йогурт', 'греческий йогурт', 200, 'g',    4),
  (59, 13, 18, 'Семена льна',      'семена льна',       10, 'g',    5),

  -- meal 14
  (60, 14,  4, 'Тунец',            'тунец',              1, 'cans', 1),
  (61, 14,  9, 'Бурый рис',        'бурый рис',         70, 'g',    2),
  (62, 14,  5, 'Чечевица',         'чечевица',         100, 'g',    3),
  (63, 14, 14, 'Брокколи',         'брокколи',         150, 'g',    4),
  (64, 14, 15, 'Морковь',          'морковь',          100, 'g',    5),
  (65, 14, 16, 'Кабачки',          'кабачки',          200, 'g',    6),
  (66, 14, 20, 'Оливковое масло',  'оливковое масло',   10, 'ml',   7),

  -- meal 15
  (67, 15,  1, 'Куриная грудка',   'куриная грудка',   180, 'g',    1),
  (68, 15, 10, 'Картофель',        'картофель',        300, 'g',    2),
  (69, 15, 16, 'Кабачки',          'кабачки',          200, 'g',    3),
  (70, 15, 14, 'Брокколи',         'брокколи',         100, 'g',    4),
  (71, 15, 20, 'Оливковое масло',  'оливковое масло',   10, 'ml',   5),

  -- meal 16
  (72, 16,  7, 'Творог',           'творог',           150, 'g',    1),
  (73, 16, 12, 'Яблоки',           'яблоки',             1, 'pcs',  2),

  -- meal 17
  (74, 17,  8, 'Овсянка',          'овсянка',           70, 'g',    1),
  (75, 17,  3, 'Яйца',             'яйца',               2, 'pcs',  2),
  (76, 17, 11, 'Бананы',           'бананы',             1, 'pcs',  3),
  (77, 17,  6, 'Греческий йогурт', 'греческий йогурт', 200, 'g',    4),
  (78, 17, 18, 'Семена льна',      'семена льна',       10, 'g',    5),

  -- meal 18
  (79, 18,  1, 'Куриная грудка',   'куриная грудка',   150, 'g',    1),
  (80, 18,  9, 'Бурый рис',        'бурый рис',        100, 'g',    2),
  (81, 18, 14, 'Брокколи',         'брокколи',         150, 'g',    3),
  (82, 18, 15, 'Морковь',          'морковь',          100, 'g',    4),
  (83, 18, 16, 'Кабачки',          'кабачки',          200, 'g',    5),
  (84, 18, 20, 'Оливковое масло',  'оливковое масло',   10, 'ml',   6),

  -- meal 19
  (85, 19,  5, 'Чечевица',         'чечевица',         250, 'g',    1),
  (86, 19,  3, 'Яйца',             'яйца',               3, 'pcs',  2),
  (87, 19, 16, 'Кабачки',          'кабачки',          150, 'g',    3),
  (88, 19, 17, 'Зелень',           'зелень',            50, 'g',    4),
  (89, 19, 20, 'Оливковое масло',  'оливковое масло',   10, 'ml',   5),

  -- meal 20
  (90, 20,  6, 'Греческий йогурт', 'греческий йогурт', 200, 'g',    1),
  (91, 20, 13, 'Ягоды',            'ягоды',            150, 'g',    2),

  -- meal 21
  (92, 21,  8, 'Овсянка',          'овсянка',           70, 'g',    1),
  (93, 21,  3, 'Яйца',             'яйца',               2, 'pcs',  2),
  (94, 21, 11, 'Бананы',           'бананы',             1, 'pcs',  3),
  (95, 21,  6, 'Греческий йогурт', 'греческий йогурт', 200, 'g',    4),
  (96, 21, 18, 'Семена льна',      'семена льна',       10, 'g',    5),

  -- meal 22
  (97, 22,  2, 'Макрель',          'макрель',          200, 'g',    1),
  (98, 22,  9, 'Бурый рис',        'бурый рис',         70, 'g',    2),
  (99, 22,  5, 'Чечевица',         'чечевица',         100, 'g',    3),
  (100, 22, 16, 'Кабачки',         'кабачки',          200, 'g',    4),
  (101, 22, 14, 'Брокколи',        'брокколи',          50, 'g',    5),
  (102, 22, 20, 'Оливковое масло', 'оливковое масло',    5, 'ml',   6),

  -- meal 23
  (103, 23,  1, 'Куриная грудка',   'куриная грудка',   180, 'g',    1),
  (104, 23, 10, 'Картофель',        'картофель',        300, 'g',    2),
  (105, 23, 16, 'Кабачки',          'кабачки',          200, 'g',    3),
  (106, 23, 14, 'Брокколи',         'брокколи',         100, 'g',    4),
  (107, 23, 20, 'Оливковое масло',  'оливковое масло',   10, 'ml',   5),

  -- meal 24
  (108, 24,  7, 'Творог',           'творог',           150, 'g',    1),
  (109, 24, 19, 'Орехи',            'орехи',             20, 'g',    2),

  -- meal 25
  (110, 25,  8, 'Овсянка',          'овсянка',           70, 'g',    1),
  (111, 25,  3, 'Яйца',             'яйца',               2, 'pcs',  2),
  (112, 25, 11, 'Бананы',           'бананы',             1, 'pcs',  3),
  (113, 25,  6, 'Греческий йогурт', 'греческий йогурт', 200, 'g',    4),
  (114, 25, 18, 'Семена льна',      'семена льна',       10, 'g',    5),

  -- meal 26
  (115, 26,  4, 'Тунец',            'тунец',              1, 'cans', 1),
  (116, 26,  9, 'Бурый рис',        'бурый рис',         70, 'g',    2),
  (117, 26,  5, 'Чечевица',         'чечевица',         100, 'g',    3),
  (118, 26, 14, 'Брокколи',         'брокколи',         150, 'g',    4),
  (119, 26, 15, 'Морковь',          'морковь',          100, 'g',    5),
  (120, 26, 16, 'Кабачки',          'кабачки',          200, 'g',    6),
  (121, 26, 20, 'Оливковое масло',  'оливковое масло',   10, 'ml',   7),

  -- meal 27
  (122, 27,  5, 'Чечевица',         'чечевица',         250, 'g',    1),
  (123, 27,  3, 'Яйца',             'яйца',               3, 'pcs',  2),
  (124, 27, 16, 'Кабачки',          'кабачки',          150, 'g',    3),
  (125, 27, 17, 'Зелень',           'зелень',            50, 'g',    4),
  (126, 27, 20, 'Оливковое масло',  'оливковое масло',   10, 'ml',   5),

  -- meal 28
  (127, 28,  7, 'Творог',           'творог',           150, 'g',    1),
  (128, 28, 12, 'Яблоки',           'яблоки',             1, 'pcs',  2);

-- =========================================================
-- 6. INITIAL STOCK
-- =========================================================

INSERT INTO stock_items (id, household_id, ingredient_id, unit, amount)
VALUES
  (1,  1,  1,  'g',    1300),
  (2,  1,  2,  'g',     400),
  (3,  1,  3,  'pcs',    24),
  (4,  1,  4,  'cans',    2),
  (5,  1,  5,  'g',    1200),
  (6,  1,  6,  'g',    2000),
  (7,  1,  7,  'g',    1000),
  (8,  1,  8,  'g',     600),
  (9,  1,  9,  'g',    1200),
  (10, 1, 10,  'g',    3000),
  (11, 1, 11,  'pcs',     6),
  (12, 1, 12,  'pcs',     8),
  (13, 1, 13,  'g',    1000),
  (14, 1, 14,  'g',    1500),
  (15, 1, 15,  'g',    1000),
  (16, 1, 16,  'g',    1500),
  (17, 1, 17,  'g',     500),
  (18, 1, 18,  'g',     150),
  (19, 1, 19,  'g',     200),
  (20, 1, 20,  'ml',    250);

INSERT INTO stock_movements (id, household_id, ingredient_id, unit, delta_amount, movement_type, reference_type, reference_id, note)
VALUES
  (1,  1,  1,  'g',    1300, 'reset', 'manual', NULL, 'Initial seed stock'),
  (2,  1,  2,  'g',     400, 'reset', 'manual', NULL, 'Initial seed stock'),
  (3,  1,  3,  'pcs',    24, 'reset', 'manual', NULL, 'Initial seed stock'),
  (4,  1,  4,  'cans',    2, 'reset', 'manual', NULL, 'Initial seed stock'),
  (5,  1,  5,  'g',    1200, 'reset', 'manual', NULL, 'Initial seed stock'),
  (6,  1,  6,  'g',    2000, 'reset', 'manual', NULL, 'Initial seed stock'),
  (7,  1,  7,  'g',    1000, 'reset', 'manual', NULL, 'Initial seed stock'),
  (8,  1,  8,  'g',     600, 'reset', 'manual', NULL, 'Initial seed stock'),
  (9,  1,  9,  'g',    1200, 'reset', 'manual', NULL, 'Initial seed stock'),
  (10, 1, 10,  'g',    3000, 'reset', 'manual', NULL, 'Initial seed stock'),
  (11, 1, 11,  'pcs',     6, 'reset', 'manual', NULL, 'Initial seed stock'),
  (12, 1, 12,  'pcs',     8, 'reset', 'manual', NULL, 'Initial seed stock'),
  (13, 1, 13,  'g',    1000, 'reset', 'manual', NULL, 'Initial seed stock'),
  (14, 1, 14,  'g',    1500, 'reset', 'manual', NULL, 'Initial seed stock'),
  (15, 1, 15,  'g',    1000, 'reset', 'manual', NULL, 'Initial seed stock'),
  (16, 1, 16,  'g',    1500, 'reset', 'manual', NULL, 'Initial seed stock'),
  (17, 1, 17,  'g',     500, 'reset', 'manual', NULL, 'Initial seed stock'),
  (18, 1, 18,  'g',     150, 'reset', 'manual', NULL, 'Initial seed stock'),
  (19, 1, 19,  'g',     200, 'reset', 'manual', NULL, 'Initial seed stock'),
  (20, 1, 20,  'ml',    250, 'reset', 'manual', NULL, 'Initial seed stock');

PRAGMA defer_foreign_keys = off;